Date,Description,Amount Spent,Category,Vendor,Payment Mode,SpendType
16-May-25,Uber,487.55,Cabs & Auto,Uber,HDFC Credit Card,dynamic
16-May-25,Uber,158.81,Cabs & Auto,Uber,HDFC Credit Card,dynamic
17-May-25,Blinkit,334,Home Essentials,Blinkit,HDFC Credit Card,dynamic
17-May-25,Swiggy Dineout,60,Resturant Reservation,Swiggy,HDFC Credit Card,dynamic
17-May-25,"Resturant Reniassance In Dine, paid via Swiggy",3812,Resturant,Don’t Know,HDFC Credit Card,dynamic
17-May-25,Amazon,429,Online Purchase,Amazon,HDFC Credit Card,dynamic
17-May-25,Inception Foods Ernakulam,625,Resturant,Don’t Know,HDFC Credit Card,dynamic
17-May-25,ASS Enterprises Cochin In,782,Resturant,Don’t Know,HDFC Credit Card,dynamic
17-May-25,IGST for EMI,5.53,EMI,HDFC,HDFC Credit Card,dynamic
17-May-25,IGST for EMI,23.04,EMI,HDFC,HDFC Credit Card,dynamic
17-May-25,Medicine,917.31,Medicine ,Aster Pharmacy,GPAY - HDFC Bank Account,dynamic
17-May-25,Gpay,40,Don’t Know,Don’t Know,GPAY - HDFC Bank Account,dynamic
18-May-25,Amazon Firestick,3499,Online Purchase,Amazon,HDFC Credit Card,dynamic
18-May-25,"Swiggy -Chiyang, Dinner",557,Parcel Food,Swiggy,HDFC Credit Card,dynamic
18-May-25,"Rental Agreement Stamp paper, Noterized",2597,Rental home expense,No Broker,HDFC Credit Card,dynamic
19-May-25,"Swiggy - Biriyani Hut Parcel, Lunch",972,Parcel Food,Swiggy,HDFC Credit Card,dynamic
19-May-25,Fresh To Home,593,Home Essentials,Fresh To Home,HDFC Credit Card,dynamic
19-May-25,"Swiggy Diet Eat, Fruit Cuts",376,Parcel Food,Swiggy,HDFC Credit Card,dynamic
19-May-25,Swiggy,205,Parcel Food,Swiggy,HDFC Credit Card,dynamic
20-May-25,Uber,339.22,Cabs & Auto,Uber,HDFC Credit Card,dynamic
20-May-25,Fish,821.33,Home Essentials,Don’t Know,HDFC Credit Card,dynamic
20-May-25,Auto to Molly Aunty House from Home,30,Cabs & Auto,Private,GPAY - HDFC Bank Account,dynamic
20-May-25,Auto back to home from Molly Aunt House,60,Cabs & Auto,Ola,GPAY - HDFC Bank Account,dynamic
20-May-25,Dinner - Malay,500,Resturant,Malay Resturant,HDFC Credit Card,dynamic
20-May-25,uber to volkswagen service,246.78,Cabs & Auto,Uber,HDFC Credit Card,dynamic
20-May-25,Taigun Service,2788,Car Maintainence,Volkswagen,GPAY - HDFC Bank Account,dynamic
21-May-25,Buy Petrol for Generator,900,Home Essentials,Don’t Know,GPAY - HDFC Bank Account,dynamic
21-May-25,Auto to buy petrol,100,Cabs & Auto,Don’t Know,GPAY - HDFC Bank Account,dynamic
21-May-25,blinkit house items,547,Home Essentials,Blinkit,HDFC Credit Card,dynamic
21-May-25,Dinner,373,Parcel Food,Swiggy,HDFC Credit Card,dynamic
22-May-25,lunch 4 biryani ,1239,Parcel Food,Paragon ,HDFC Credit Card,dynamic
22-May-25,Scanning bedsheet,100,Hospital ,CIMAR ,HDFC Credit Card,dynamic
22-May-25,Lulu Parking,20,Travel,Lulu,GPAY - HDFC Bank Account,dynamic
22-May-25,Dinner,820,Parcel Food,Swiggy,HDFC Credit Card,dynamic
22-May-25,Doctor consultation,750,Hospital ,CIMAR ,HDFC Credit Card,dynamic
22-May-25,Medicine,477,Medicine ,CIMAR ,HDFC Credit Card,dynamic
22-May-25,Uber to Bonnie's house,286.39,Cabs & Auto,Uber,HDFC Credit Card,dynamic
22-May-25,Uber Previous Payment,117,Cabs & Auto,Uber,GPAY-Seira-SBI Bank Account,dynamic
23-May-25,Dinner,541,Parcel Food,Swiggy,HDFC Credit Card,dynamic
23-May-25,Dinner,400,Parcel Food,Swiggy,HDFC Credit Card,dynamic
23-May-25,Dinner,230,Parcel Food,Swiggy,HDFC Credit Card,dynamic
23-May-25,Petrol Kakanad pump,2193.87,Travel,Don’t Know,HDFC Credit Card,dynamic
23-May-25,Courier - Insurance claim Vidal Health,345,Courier,DTDC,GPAY-Seira-SBI Bank Account,dynamic
23-May-25,Github Copilot,861.28,Learning,Github,ICICI Credit Card,dynamic
23-May-25,Pollution certificate,130,Car Maintainence,Don’t Know,GPAY - HDFC Bank Account,dynamic
24-May-25,Fast Tag,504.5,Travel,Don’t Know,HDFC Credit Card,dynamic
24-May-25,lunch ,545,Resturant,Don’t Know,HDFC Credit Card,dynamic
24-May-25,Raddison Salem Room Rent,5712,Hotel Stay,Raddison,HDFC Credit Card,dynamic
24-May-25,Tip at hotel,50,Tip,Don’t Know,GPAY - HDFC Bank Account,dynamic
24-May-25,Water,20,Home Essentials,Don’t Know,GPAY - HDFC Bank Account,dynamic
25-May-25,Swiggy,1113,Parcel Food,Swiggy,HDFC Credit Card,dynamic
25-May-25,Swiggy,859,Home Essentials,Swiggy,HDFC Credit Card,dynamic
25-May-25,Swiggy,691,Parcel Food,Swiggy,HDFC Credit Card,dynamic
25-May-25,Break fast,374,Resturant,Don’t Know,HDFC Credit Card,dynamic
25-May-25,Raddison Salem Resturant bills,3215.48,Resturant,Raddison,HDFC Credit Card,dynamic
25-May-25,Swiggy,309,Parcel Food,Swiggy,HDFC Credit Card,dynamic
26-May-25,Coffe for MNRA2,930,Home Essentials,Blue Tokai ,HDFC Credit Card,dynamic
26-May-25,Coffe For B802,500,Home Essentials,Blue Tokai ,HDFC Credit Card,dynamic
26-May-25,Grocerries - Big Basket,1673.6,Home Essentials,Big Basket,HDFC Credit Card,dynamic
26-May-25,"Chicke, Fish - Fresh To Home",1899,Home Essentials,Fresh To Home,HDFC Credit Card,dynamic
26-May-25,Amazon Coffe,674,Home Essentials,Amazon,HDFC Credit Card,dynamic
27-May-25,Lunch,283,Parcel Food,Swiggy,HDFC Credit Card,dynamic
27-May-25,Lunch,244,Parcel Food,Swiggy,HDFC Credit Card,dynamic
27-May-25,Bigbasket,292.57,Home Essentials,Big Basket,HDFC Credit Card,dynamic
27-May-25,Courier Rental Agreement to Owner,410,Courier,DTDC,GPAY - HDFC Bank Account,dynamic
28-May-25,Amazon,698.92,Online Purchase,Amazon,HDFC Credit Card,dynamic
28-May-25,Swiggy,191,Home Essentials,Swiggy,HDFC Credit Card,dynamic
29-May-25,Fish,800,Home Essentials,Don’t Know,GPAY-Seira-SBI Bank Account,dynamic
29-May-25,Swiggy Instamart,1006,Home Essentials,Swiggy,HDFC Credit Card,dynamic
30-May-25,Beer,205,Alcohol,Kick Tonic,HDFC Credit Card,dynamic
30-May-25,Beer,1260,Alcohol,Kick Tonic,HDFC Credit Card,dynamic
30-May-25,Hair Cut,2004,Personal Care,Toni And Guy,HDFC Credit Card,dynamic
30-May-25,Big Basket,526.74,Home Essentials,Big Basket,HDFC Credit Card,dynamic
30-May-25,Ola,465,Cabs & Auto,Ola,HDFC Credit Card,dynamic
30-May-25,Uber,237.75,Cabs & Auto,Uber,HDFC Credit Card,dynamic
30-May-25,Gpay,49,Don’t Know,Don’t Know,GPAY - HDFC Bank Account,dynamic
31-May-25,Water Recharge - Drinking ,3849,Home Essentials,Livpure,HDFC Credit Card,dynamic
31-May-25,Dinner toit,1674,Resturant,Toit,HDFC Credit Card,dynamic
31-May-25,Buy Domain notjot GoDaddy,1904.33,Online Purchase,GoDaddy,HDFC Credit Card,dynamic
31-May-25,uber,183.14,Cabs & Auto,Uber,HDFC Credit Card,dynamic
31-May-25,uber,354.08,Cabs & Auto,Uber,HDFC Credit Card,dynamic
31-May-25,uber,336.04,Cabs & Auto,Uber,HDFC Credit Card,dynamic
31-May-25,Dinner,1837,Resturant,Don’t Know,HDFC Credit Card,dynamic
01-Jun-25,Dinner chowman,1162,Parcel Food,Swiggy,HDFC Credit Card,dynamic
01-Jun-25,Lunch ice cream,568,Parcel Food,Swiggy,HDFC Credit Card,dynamic
01-Jun-25,Lunch biriyani thalassery,527,Parcel Food,Swiggy,HDFC Credit Card,dynamic
01-Jun-25,Break fast thengamanga,1368,Parcel Food,Swiggy,HDFC Credit Card,dynamic
02-Jun-25,Big Basket,794.41,Home Essentials,Big Basket,HDFC Credit Card,dynamic
02-Jun-25,Cloth Iron,160,Home Essentials,Don’t Know,GPAY-Seira-SBI Bank Account,dynamic
03-Jun-25,Dinner,335,Parcel Food,Swiggy,HDFC Credit Card,dynamic
03-Jun-25,Dinner,335.2,Parcel Food,Zomato,HDFC Credit Card,dynamic
03-Jun-25,Beer,1500,Alcohol,Kick Tonic,HDFC Credit Card,dynamic
03-Jun-25,Coffe,700,Home Essentials,Blue Tokai ,HDFC Credit Card,dynamic
03-Jun-25,Cab,508,Cabs & Auto,OLA,HDFC Credit Card,dynamic
03-Jun-25,Uber,542.74,Cabs & Auto,Uber,HDFC Credit Card,dynamic
03-Jun-25,cab to office eco world,686,Cabs & Auto,Uber,GPAY - HDFC Bank Account,dynamic
03-Jun-25,uber to home from shell ecowrlds,400,Cabs & Auto,Uber,GPAY - HDFC Bank Account,dynamic
04-Jun-25,Key board and mouse,6399,Electronics,Dell,HDFC Credit Card,dynamic
05-Jun-25,Myntra Shorts for me,1419,Clothing,Myntra,HDFC Credit Card,dynamic
05-Jun-25,Freshto home,932,Home Essentials,Fresh To Home,HDFC Credit Card,dynamic
06-Jun-25,Big basket,1413.53,Home Essentials,Big Basket,HDFC Credit Card,dynamic
06-Jun-25,Instamart,572,Home Essentials,Swiggy,HDFC Credit Card,dynamic
06-Jun-25,Swiggy - Biriyani Zest - Starters Dinner,243,Parcel Food,Swiggy,HDFC Credit Card,dynamic
07-Jun-25,Uber,193.2,Cabs & Auto,Uber,HDFC Credit Card,dynamic
07-Jun-25,Swiggy - Hoisin -Dinner,662,Parcel Food,Swiggy,HDFC Credit Card,dynamic
07-Jun-25,Raz Delightgul Gourmet,425,Home Essentials,Lucious,HDFC Credit Card,dynamic
07-Jun-25,Jollygunj,3407,Resturant,Jollygunj,HDFC Credit Card,dynamic
07-Jun-25,Water Purifier Service Tip,100,Home Essentials,Livpure,GPAY - HDFC Bank Account,dynamic
08-Jun-25,Swiggy - UTK - Dinner,615,Parcel Food,Swiggy,HDFC Credit Card,dynamic
08-Jun-25,Myntra,1975,Clothing,Myntra,HDFC Credit Card,dynamic
08-Jun-25,Beer,1190,Alcohol,Kick Tonic,HDFC Credit Card,dynamic
08-Jun-25,Uber,809.6,Cabs & Auto,Uber,HDFC Credit Card,dynamic
08-Jun-25,Swiggy - Auntie Fung's -Lunch,626,Parcel Food,Swiggy,HDFC Credit Card,dynamic
08-Jun-25,Swiggy - Hoisin - Lunch,899,Parcel Food,Swiggy,HDFC Credit Card,dynamic
09-Jun-25,Big Basket,1053.6,Home Essentials,Big Basket,HDFC Credit Card,dynamic
09-Jun-25,Swiggy Instamart,739,Home Essentials,Swiggy,HDFC Credit Card,dynamic
09-Jun-25,Lunch,1366,Parcel Food,Swiggy,HDFC Credit Card,dynamic
09-Jun-25,Fresh To Home,1126.01,Home Essentials,Fresh To Home,HDFC Credit Card,dynamic
10-Jun-25,Raz Bundl Technologies,432,Home Essentials,Swiggy,HDFC Credit Card,dynamic
10-Jun-25,Blinkit,1059,Personal Care,Blinkit,HDFC Credit Card,dynamic
11-Jun-25,Raz Delightgul Gourmet,467,Home Essentials,Lucious,HDFC Credit Card,dynamic
11-Jun-25,Instamart,745,Home Essentials,Swiggy,HDFC Credit Card,dynamic
11-Jun-25,Country Delight Ghee,360,Home Essentials,Country Delight,GPAY-Seira-SBI Bank Account,dynamic
11-Jun-25,Beer,680,Alcohol,Kick Tonic,HDFC Credit Card,dynamic
11-Jun-25,Dinner,336,Parcel Food,Biriyani Zest,HDFC Credit Card,dynamic
11-Jun-25,Dinner,800,Parcel Food,Swiggy,HDFC Credit Card,dynamic
11-Jun-25,Toilet Cleaning,900,Home Essentials,Urban Company,HDFC Credit Card,dynamic
11-Jun-25,Medicine,1298,Medicine ,Rana Ramdev,HDFC Credit Card,dynamic
